<?xml version="1.0" encoding="UTF-8"?>
<jcr:root xmlns:sling="http://sling.apache.org/jcr/sling/1.0" xmlns:granite="http://www.adobe.com/jcr/granite/1.0" xmlns:cq="http://www.day.com/jcr/cq/1.0" xmlns:jcr="http://www.jcp.org/jcr/1.0" xmlns:nt="http://www.jcp.org/jcr/nt/1.0"
    jcr:primaryType="nt:unstructured"
    jcr:title="properties"
    sling:resourceType="cq/gui/components/authoring/dialog">
    <content
        jcr:primaryType="nt:unstructured"
        sling:resourceType="granite/ui/components/coral/foundation/fixedcolumns">
        <items jcr:primaryType="nt:unstructured">
            <column
                jcr:primaryType="nt:unstructured"
                sling:resourceType="granite/ui/components/coral/foundation/container">
                <items jcr:primaryType="nt:unstructured">
                    <Form
                        jcr:primaryType="nt:unstructured"
                        sling:resourceType="granite/ui/components/coral/foundation/form/textfield"
                        fieldLabel="FormId"
                        name="./form"/>
                    <checkbox
                        granite:class="cq-dialog-checkbox-showhide"
                        jcr:primaryType="nt:unstructured"
                        sling:resourceType="granite/ui/components/coral/foundation/form/checkbox"
                        fieldLabel="checkbox"
                        name="./check"
                        text="true"/>
                    <toggle
                        jcr:primaryType="nt:unstructured"
                        sling:resourceType="granite/ui/components/coral/foundation/hidden"
                        cq-dialog-checkbox-showhide-target="togglefield">
                        <items jcr:primaryType="nt:unstructured">
                            <collegename
                                jcr:primaryType="nt:unstructured"
                                sling:resourceType="granite/ui/components/coral/foundation/form/textfield"
                                fieldLabel="College Name"
                                name="./collegename"/>
                            <passingyear
                                jcr:primaryType="nt:unstructured"
                                sling:resourceType="granite/ui/components/coral/foundation/form/textfield"
                                fieldLabel="Passing Year"
                                name="./collegeyear"/>
                        </items>
                    </toggle>
                    <tiggerType
                        granite:class="cq-dialog-dropdown-showhide"
                        jcr:primaryType="nt:unstructured"
                        sling:resourceType="granite/ui/components/coral/foundation/form/select"
                        fieldLabel="Drop Down"
                        name="./triggerType">
                        <granite:data
                            jcr:primaryType="nt:unstructured"
                            cq-dialog-dropdown-showhide-target=".connect-layout-show-hide"/>
                        <items jcr:primaryType="nt:unstructured">
                            <Student1
                                jcr:primaryType="nt:unstructured"
                                text="Student1"
                                value="student1"/>
                            <Student2
                                jcr:primaryType="nt:unstructured"
                                text="Student2"
                                value="student2"/>
                            <Student3
                                jcr:primaryType="nt:unstructured"
                                text="Student3"
                                value="student3"/>
                        </items>
                    </tiggerType>
                    <target-one-container
                        granite:class="hide connect-layout-show-hide"
                        jcr:primaryType="nt:unstructured"
                        sling:resourceType="granite/ui/components/coral/foundation/container">
                        <items jcr:primaryType="nt:unstructured">
                            <targetOne
                                jcr:primaryType="nt:unstructured"
                                sling:resourceType="granite/ui/components/coral/foundation/form/textfield"
                                fieldLabel="Target One"
                                name="./targetOne"/>
                        </items>
                        <granite:data
                            jcr:primaryType="nt:unstructured"
                            showhidetargetvalue="student1"/>
                    </target-one-container>
                    <target-two-container
                        granite:class="hide connect-layout-show-hide"
                        jcr:primaryType="nt:unstructured"
                        sling:resourceType="granite/ui/components/coral/foundation/container">
                        <items jcr:primaryType="nt:unstructured">
                            <targetTwo
                                jcr:primaryType="nt:unstructured"
                                sling:resourceType="granite/ui/components/coral/foundation/form/textfield"
                                fieldLabel="Target Two"
                                name="./targetTwo"/>
                        </items>
                        <granite:data
                            jcr:primaryType="nt:unstructured"
                            showhidetargetvalue="student2"/>
                    </target-two-container>
                    <target-three-container
                        granite:class="hide connect-layout-show-hide"
                        jcr:primaryType="nt:unstructured"
                        sling:resourceType="granite/ui/components/coral/foundation/container"
                        name="./targetthree">
                        <items jcr:primaryType="nt:unstructured">
                            <targetthree
                                jcr:primaryType="nt:unstructured"
                                sling:resourceType="granite/ui/components/coral/foundation/form/textfield"
                                fieldLabel="Target Three"
                                name="./targetthree"/>
                        </items>
                        <granite:data
                            jcr:primaryType="nt:unstructured"
                            showhidetargetvalue="student3"/>
                    </target-three-container>
                </items>
            </column>
        </items>
    </content>
</jcr:root>
