<?xml version="1.0" encoding="UTF-8"?>
<jcr:root xmlns:sling="http://sling.apache.org/jcr/sling/1.0" xmlns:granite="http://www.adobe.com/jcr/granite/1.0" xmlns:cq="http://www.day.com/jcr/cq/1.0" xmlns:jcr="http://www.jcp.org/jcr/1.0" xmlns:nt="http://www.jcp.org/jcr/nt/1.0"
    jcr:primaryType="nt:unstructured"
    jcr:title="Properties"
    sling:resourceType="cq/gui/components/authoring/dialog">
    <content
        jcr:primaryType="nt:unstructured"
        sling:resourceType="granite/ui/components/coral/foundation/fixedcolumns">
        <items jcr:primaryType="nt:unstructured">
            <column
                jcr:primaryType="nt:unstructured"
                sling:resourceType="granite/ui/components/coral/foundation/container">
                <items jcr:primaryType="nt:unstructured">
                    <text
                        jcr:primaryType="nt:unstructured"
                        sling:resourceType="granite/ui/components/coral/foundation/form/hidden"
                        fieldLabel="Text"
                        name="./text"/>
                    <colorTags
                        jcr:primaryType="nt:unstructured"
                        sling:resourceType="granite/ui/components/coral/foundation/form/hidden"
                        fieldDescription="Select the color tags"
                        fieldLabel="Color Tags"
                        multiple="{Boolean}true"
                        name="./colorTags">
                        <datasource
                            jcr:primaryType="nt:unstructured"
                            sling:resourceType="/bin/colorTagLists"
                            tagsPath="/content/cq:tags/learning/color"/>
                    </colorTags>
                    <selectorColor
                        jcr:primaryType="nt:unstructured"
                        sling:resourceType="granite/ui/components/coral/foundation/form/hidden"
                        fieldDescription="Select Color"
                        fieldLabel="Selector Color Dropdown"
                        multiple="{Boolean}true"
                        name="./selectedColor">
                        <datasource
                            jcr:primaryType="nt:unstructured"
                            sling:resourceType="/bin/jsonDataDropdown"
                            tagsPath="vijedra/components/helloworld/cq:dialog/content/items/column/items/dropdown.json"/>
                    </selectorColor>
                    <checkbox
                        granite:class="cq-dialog-checkbox-showhide"
                        jcr:primaryType="nt:unstructured"
                        sling:resourceType="granite/ui/components/coral/foundation/form/checkbox"
                        name="./checkbox"
                        text="is Graduated?"
                        value="true">
                        <granite:data
                            jcr:primaryType="nt:unstructured"
                            cq-dialog-checkbox-showhide-target=".togglefield"/>
                    </checkbox>
                    <toggle
                        jcr:primaryType="nt:unstructured"
                        sling:resourceType="granite/ui/components/coral/foundation/container"
                        cq-dialog-checkbox-showhide-target="togglefield">
                        <items jcr:primaryType="nt:unstructured">
                            <collegename
                                jcr:primaryType="nt:unstructured"
                                sling:resourceType="granite/ui/components/coral/foundation/form/textfield"
                                fieldLabel="College Name"
                                name="./collegename"/>
                            <passingyear
                                jcr:primaryType="nt:unstructured"
                                sling:resourceType="granite/ui/components/coral/foundation/form/textfield"
                                fieldLabel="Passing Year"
                                name="./collegeyear"/>
                        </items>
                    </toggle>
                    <triggerType
                        granite:class="cq-dialog-dropdown-showhide"
                        jcr:primaryType="nt:unstructured"
                        sling:resourceType="granite/ui/components/coral/foundation/form/select"
                        fieldLabel="Select Field"
                        name="./triggerType">
                        <granite:data
                            jcr:primaryType="nt:unstructured"
                            cq-dialog-dropdown-showhide-target=".connect-layout-show-hide"/>
                        <items jcr:primaryType="nt:unstructured">
                            <dropdown1
                                jcr:primaryType="nt:unstructured"
                                text="DropDown 1"
                                value="dropdown1"/>
                            <dropdown2
                                jcr:primaryType="nt:unstructured"
                                text="DropDown 2"
                                value="dropdown2"/>
                            <dropdown3
                                jcr:primaryType="nt:unstructured"
                                text="DropDown 3"
                                value="dropdown3"/>
                        </items>
                    </triggerType>
                    <target-one-container
                        granite:class="hide connect-layout-show-hide"
                        jcr:primaryType="nt:unstructured"
                        sling:resourceType="granite/ui/components/coral/foundation/container">
                        <granite:data
                            jcr:primaryType="nt:unstructured"
                            showhidetargetvalue="dropdown1"/>
                        <items jcr:primaryType="nt:unstructured">
                            <targetOne
                                jcr:primaryType="nt:unstructured"
                                sling:resourceType="granite/ui/components/coral/foundation/form/textfield"
                                fieldLabel="Target One"
                                name="./targetOne"/>
                        </items>
                    </target-one-container>
                    <target-two-container
                        granite:class="hide connect-layout-show-hide"
                        jcr:primaryType="nt:unstructured"
                        sling:resourceType="granite/ui/components/coral/foundation/container">
                        <granite:data
                            jcr:primaryType="nt:unstructured"
                            showhidetargetvalue="dropdown2"/>
                        <items jcr:primaryType="nt:unstructured">
                            <targetTwo
                                jcr:primaryType="nt:unstructured"
                                sling:resourceType="granite/ui/components/coral/foundation/form/numberfield"
                                fieldLabel="Target Two"
                                name="./targetTwo"/>
                        </items>
                    </target-two-container>
                    <dropdown.json/>
                </items>
            </column>
        </items>
    </content>
</jcr:root>
